{"type":"Topology","arcs":[[[3606,342],[109,-42],[61,17],[88,23],[67,-8],[8,-143],[-38,-41],[-12,-97],[-39,33],[-78,-84],[-24,6],[-69,4],[-69,103],[-16,80],[-65,104],[3,56],[74,-11]],[[3399,3593],[41,-94],[72,45],[37,-51],[54,-47],[-11,-53],[24,-103],[17,-60],[28,-15],[31,-103],[-11,-62],[36,-82],[122,-62],[80,-58],[75,-52],[-15,-29],[65,-76],[43,-130],[45,27],[46,-52],[27,18],[20,-127],[80,-74],[52,-46],[88,-98],[31,-96],[3,-69],[-8,-74],[54,-103],[-6,-106],[-20,-56],[-30,-107],[2,-69],[-22,-86],[-50,-110],[-83,-59],[-41,-93],[-38,-59],[-33,-104],[-44,-60],[-28,-90],[-15,-83],[6,-38],[-64,-42],[-126,-4],[-104,-50],[-52,-46],[-68,-52],[-93,53],[-69,22],[18,62],[-62,-22],[-98,-88],[-97,33],[-64,19],[-65,9],[-108,34],[-73,75],[-21,91],[-26,61],[-55,49],[-109,14],[37,58],[-27,90],[-55,-84],[-100,-22],[59,67],[17,69],[43,59],[-9,89],[-91,-102],[-70,-41],[-43,-96],[-88,49],[3,64],[-70,87],[-59,46],[21,27],[-145,73],[-79,4],[-108,58],[-201,-11],[-146,-43],[-128,-40],[-107,8],[-119,-62],[-98,-28],[-22,-63],[-41,-49],[-96,-3],[-70,-10],[-100,22],[-81,-14],[-77,-5],[-67,-64],[-32,5],[-57,-34],[-54,-38],[-82,5],[-75,0],[-120,76],[-60,23],[2,69],[56,17],[19,27],[-4,43],[14,84],[-13,71],[-59,122],[-19,68],[5,69],[-44,78],[-3,36],[-50,48],[-14,94],[-64,95],[-16,51],[49,-52],[-38,112],[56,-35],[34,-47],[-2,62],[-56,95],[-11,38],[-26,36],[12,69],[23,30],[16,60],[-12,70],[46,87],[9,-92],[47,83],[92,40],[54,52],[86,44],[51,9],[31,-15],[89,45],[68,13],[17,27],[30,11],[62,-3],[119,35],[61,54],[28,64],[66,61],[5,48],[3,65],[79,103],[47,-104],[48,24],[-40,56],[36,59],[49,-26],[14,91],[61,60],[27,47],[57,20],[2,34],[49,-14],[2,30],[50,18],[54,16],[83,-55],[62,-72],[71,-1],[71,-11],[-23,66],[53,97],[51,31],[-17,30],[48,69],[69,42],[57,-14],[95,23],[-2,61],[-83,40],[60,17],[75,-30],[59,-49],[95,-31],[32,12],[70,-36],[66,34],[42,-11],[26,24],[52,-60],[-30,-64],[-43,-49],[-38,-4],[13,-48],[-33,-60],[-40,-59],[8,-34],[89,-67],[87,-38],[58,-42],[81,-71],[32,0],[58,-31],[18,-37],[107,-41],[74,42],[22,64],[23,53],[14,66],[34,96],[-15,58],[8,35],[-13,69],[14,91],[22,24],[-18,40],[28,64],[21,66],[3,35],[42,45],[31,-59],[8,-76],[28,-14],[5,-51],[41,-61],[8,-68],[-4,-44]],[[830,4017],[-48,-2],[-55,31],[109,0],[-6,-29]],[[1248,4029],[-96,-26],[-14,14],[8,29],[116,0],[-14,-17]],[[4130,4046],[84,-35],[-13,-35],[-74,-8],[-28,31],[-97,13],[-113,18],[-18,16],[259,0]]],"transform":{"scale":[0.008890721757056718,0.0083130492494716],"translate":[113.3389530782625,-43.6345972633621]},"objects":{"ne_110m_land":{"type":"GeometryCollection","geometries":[{"arcs":[[0]],"type":"Polygon","properties":{"featurecla":"Land","scalerank":0,"min_zoom":0}},{"arcs":[[1]],"type":"Polygon","properties":{"featurecla":"Land","scalerank":0,"min_zoom":0}},{"arcs":[[2]],"type":"Polygon","properties":{"featurecla":"Land","scalerank":1,"min_zoom":1.5}},{"arcs":[[3]],"type":"Polygon","properties":{"featurecla":"Land","scalerank":1,"min_zoom":1}},{"arcs":[[4]],"type":"Polygon","properties":{"featurecla":"Land","scalerank":0,"min_zoom":0}}]}}}